Harley Davidson Street Glide,1 750 000   ₽,https://www.avito.ru/sankt-peterburg/mototsikly_i_mototehnika/harley_davidson_street_glide_1777980910
Продажа Harley-Davidson Sportster 883,450 000   ₽,https://www.avito.ru/sankt-peterburg/mototsikly_i_mototehnika/prodazha_harley-davidson_sportster_883_1778914078
Harley Davidson Softail Custom fxstc '91,500 000   ₽,https://www.avito.ru/sankt-peterburg/mototsikly_i_mototehnika/harley_davidson_softail_custom_fxstc_91_1493527171
Harley Davidson Softail Delux,820 000   ₽,https://www.avito.ru/sankt-peterburg/mototsikly_i_mototehnika/harley_davidson_softail_delux_1520841669
Harley-Davidson Sportster Forty-Eight (2020) NEW,866 000   ₽,https://www.avito.ru/sankt-peterburg/mototsikly_i_mototehnika/harley-davidson_sportster_forty-eight_2020_new_1791947691
Мотоцикл Harley-Davidson V-Rod Muscle,1 000 000   ₽,https://www.avito.ru/sankt-peterburg/mototsikly_i_mototehnika/mototsikl_harley-davidson_v-rod_muscle_1641186992
Harley Davidson Dyna Street Bob Харлей Девидсон ст,465 000   ₽,https://www.avito.ru/sankt-peterburg_kolpino/mototsikly_i_mototehnika/harley_davidson_dyna_street_bob_harley_devidson_st_1805734632
Продам Harley Davidson Softail Night Train fxstbi,630 000   ₽,https://www.avito.ru/sankt-peterburg/mototsikly_i_mototehnika/prodam_harley_davidson_softail_night_train_fxstbi_1820193122
Продам мотоцикл Harley Davidson Sportster,600 000   ₽,https://www.avito.ru/sankt-peterburg/mototsikly_i_mototehnika/prodam_mototsikl_harley_davidson_sportster_1698572414
Harley-Davidson Fat Boy,800 000   ₽,https://www.avito.ru/sankt-peterburg/mototsikly_i_mototehnika/harley-davidson_fat_boy_1849319245
Harley Davidson Arlen Ness pro-street обмен на ком,1 900 000   ₽,https://www.avito.ru/sankt-peterburg/mototsikly_i_mototehnika/harley_davidson_arlen_ness_pro-street_obmen_na_kom_1781293128
Harley Davidson fxstb Softail Night Train 1450,780 000   ₽,https://www.avito.ru/sankt-peterburg/mototsikly_i_mototehnika/harley_davidson_fxstb_softail_night_train_1450_1022990934
Harley Davidson Street Glide,1 750 000   ₽,https://www.avito.ru/sankt-peterburg/mototsikly_i_mototehnika/harley_davidson_street_glide_1777980910
Продажа Harley-Davidson Sportster 883,450 000   ₽,https://www.avito.ru/sankt-peterburg/mototsikly_i_mototehnika/prodazha_harley-davidson_sportster_883_1778914078
Harley Davidson Softail Custom fxstc '91,500 000   ₽,https://www.avito.ru/sankt-peterburg/mototsikly_i_mototehnika/harley_davidson_softail_custom_fxstc_91_1493527171
Harley Davidson Softail Delux,820 000   ₽,https://www.avito.ru/sankt-peterburg/mototsikly_i_mototehnika/harley_davidson_softail_delux_1520841669
Harley-Davidson Sportster Forty-Eight (2020) NEW,866 000   ₽,https://www.avito.ru/sankt-peterburg/mototsikly_i_mototehnika/harley-davidson_sportster_forty-eight_2020_new_1791947691
Мотоцикл Harley-Davidson V-Rod Muscle,1 000 000   ₽,https://www.avito.ru/sankt-peterburg/mototsikly_i_mototehnika/mototsikl_harley-davidson_v-rod_muscle_1641186992
Harley Davidson Dyna Street Bob Харлей Девидсон ст,465 000   ₽,https://www.avito.ru/sankt-peterburg_kolpino/mototsikly_i_mototehnika/harley_davidson_dyna_street_bob_harley_devidson_st_1805734632
Продам Harley Davidson Softail Night Train fxstbi,630 000   ₽,https://www.avito.ru/sankt-peterburg/mototsikly_i_mototehnika/prodam_harley_davidson_softail_night_train_fxstbi_1820193122
Продам мотоцикл Harley Davidson Sportster,600 000   ₽,https://www.avito.ru/sankt-peterburg/mototsikly_i_mototehnika/prodam_mototsikl_harley_davidson_sportster_1698572414
Harley-Davidson Fat Boy,800 000   ₽,https://www.avito.ru/sankt-peterburg/mototsikly_i_mototehnika/harley-davidson_fat_boy_1849319245
Harley Davidson Arlen Ness pro-street обмен на ком,1 900 000   ₽,https://www.avito.ru/sankt-peterburg/mototsikly_i_mototehnika/harley_davidson_arlen_ness_pro-street_obmen_na_kom_1781293128
Harley Davidson fxstb Softail Night Train 1450,780 000   ₽,https://www.avito.ru/sankt-peterburg/mototsikly_i_mototehnika/harley_davidson_fxstb_softail_night_train_1450_1022990934
Harley-Davidson Low Rider (2019),1 367 000   ₽,https://www.avito.ru/sankt-peterburg/mototsikly_i_mototehnika/harley-davidson_low_rider_2019_1759483951
Harley-Davidson Sportster XL1200C,524 000   ₽,https://www.avito.ru/sankt-peterburg_lomonosov/mototsikly_i_mototehnika/harley-davidson_sportster_xl1200c_883901866
Harley Davidson flhtc Electra Glide 2010,730 000   ₽,https://www.avito.ru/sankt-peterburg/mototsikly_i_mototehnika/harley_davidson_flhtc_electra_glide_2010_1821554778
Harley Davidson Street Glide,1 750 000   ₽,https://www.avito.ru/sankt-peterburg/mototsikly_i_mototehnika/harley_davidson_street_glide_1777980910
Продажа Harley-Davidson Sportster 883,450 000   ₽,https://www.avito.ru/sankt-peterburg/mototsikly_i_mototehnika/prodazha_harley-davidson_sportster_883_1778914078
Harley Davidson Softail Custom fxstc '91,500 000   ₽,https://www.avito.ru/sankt-peterburg/mototsikly_i_mototehnika/harley_davidson_softail_custom_fxstc_91_1493527171
Harley Davidson Softail Delux,820 000   ₽,https://www.avito.ru/sankt-peterburg/mototsikly_i_mototehnika/harley_davidson_softail_delux_1520841669
Harley-Davidson Sportster Forty-Eight (2020) NEW,866 000   ₽,https://www.avito.ru/sankt-peterburg/mototsikly_i_mototehnika/harley-davidson_sportster_forty-eight_2020_new_1791947691
Мотоцикл Harley-Davidson V-Rod Muscle,1 000 000   ₽,https://www.avito.ru/sankt-peterburg/mototsikly_i_mototehnika/mototsikl_harley-davidson_v-rod_muscle_1641186992
Harley Davidson Dyna Street Bob Харлей Девидсон ст,465 000   ₽,https://www.avito.ru/sankt-peterburg_kolpino/mototsikly_i_mototehnika/harley_davidson_dyna_street_bob_harley_devidson_st_1805734632
Продам Harley Davidson Softail Night Train fxstbi,630 000   ₽,https://www.avito.ru/sankt-peterburg/mototsikly_i_mototehnika/prodam_harley_davidson_softail_night_train_fxstbi_1820193122
Продам мотоцикл Harley Davidson Sportster,600 000   ₽,https://www.avito.ru/sankt-peterburg/mototsikly_i_mototehnika/prodam_mototsikl_harley_davidson_sportster_1698572414
Harley-Davidson Fat Boy,800 000   ₽,https://www.avito.ru/sankt-peterburg/mototsikly_i_mototehnika/harley-davidson_fat_boy_1849319245
Harley Davidson Arlen Ness pro-street обмен на ком,1 900 000   ₽,https://www.avito.ru/sankt-peterburg/mototsikly_i_mototehnika/harley_davidson_arlen_ness_pro-street_obmen_na_kom_1781293128
Harley Davidson fxstb Softail Night Train 1450,780 000   ₽,https://www.avito.ru/sankt-peterburg/mototsikly_i_mototehnika/harley_davidson_fxstb_softail_night_train_1450_1022990934
Harley-Davidson Low Rider (2019),1 367 000   ₽,https://www.avito.ru/sankt-peterburg/mototsikly_i_mototehnika/harley-davidson_low_rider_2019_1759483951
Harley-Davidson Sportster XL1200C,524 000   ₽,https://www.avito.ru/sankt-peterburg_lomonosov/mototsikly_i_mototehnika/harley-davidson_sportster_xl1200c_883901866
Harley Davidson flhtc Electra Glide 2010,730 000   ₽,https://www.avito.ru/sankt-peterburg/mototsikly_i_mototehnika/harley_davidson_flhtc_electra_glide_2010_1821554778
Harley Davidson Street Glide,1 750 000   ₽,https://www.avito.ru/sankt-peterburg/mototsikly_i_mototehnika/harley_davidson_street_glide_1777980910
Продажа Harley-Davidson Sportster 883,450 000   ₽,https://www.avito.ru/sankt-peterburg/mototsikly_i_mototehnika/prodazha_harley-davidson_sportster_883_1778914078
Harley Davidson Softail Custom fxstc '91,500 000   ₽,https://www.avito.ru/sankt-peterburg/mototsikly_i_mototehnika/harley_davidson_softail_custom_fxstc_91_1493527171
Harley Davidson Softail Delux,820 000   ₽,https://www.avito.ru/sankt-peterburg/mototsikly_i_mototehnika/harley_davidson_softail_delux_1520841669
Harley-Davidson Sportster Forty-Eight (2020) NEW,866 000   ₽,https://www.avito.ru/sankt-peterburg/mototsikly_i_mototehnika/harley-davidson_sportster_forty-eight_2020_new_1791947691
Мотоцикл Harley-Davidson V-Rod Muscle,1 000 000   ₽,https://www.avito.ru/sankt-peterburg/mototsikly_i_mototehnika/mototsikl_harley-davidson_v-rod_muscle_1641186992
Harley Davidson Dyna Street Bob Харлей Девидсон ст,465 000   ₽,https://www.avito.ru/sankt-peterburg_kolpino/mototsikly_i_mototehnika/harley_davidson_dyna_street_bob_harley_devidson_st_1805734632
Продам Harley Davidson Softail Night Train fxstbi,630 000   ₽,https://www.avito.ru/sankt-peterburg/mototsikly_i_mototehnika/prodam_harley_davidson_softail_night_train_fxstbi_1820193122
Продам мотоцикл Harley Davidson Sportster,600 000   ₽,https://www.avito.ru/sankt-peterburg/mototsikly_i_mototehnika/prodam_mototsikl_harley_davidson_sportster_1698572414
Harley-Davidson Fat Boy,800 000   ₽,https://www.avito.ru/sankt-peterburg/mototsikly_i_mototehnika/harley-davidson_fat_boy_1849319245
Harley Davidson Arlen Ness pro-street обмен на ком,1 900 000   ₽,https://www.avito.ru/sankt-peterburg/mototsikly_i_mototehnika/harley_davidson_arlen_ness_pro-street_obmen_na_kom_1781293128
Harley Davidson fxstb Softail Night Train 1450,780 000   ₽,https://www.avito.ru/sankt-peterburg/mototsikly_i_mototehnika/harley_davidson_fxstb_softail_night_train_1450_1022990934
